﻿<?xml version="1.0" encoding="utf-8"?>
<ConfigPackage Count="5">
    <ConfigSection Name="Common" Count="4">
        <ConfigItem Name="TargetExtentions" Type="Container">
            <Count>4</Count>
            <ConfigItem Name="Count" Type="Int">3</ConfigItem>
            <ConfigItem Name="1" Type="String">.bas</ConfigItem>
            <ConfigItem Name="2" Type="String">.frm</ConfigItem>
            <ConfigItem Name="3" Type="String">.cls</ConfigItem>
        </ConfigItem>
        <ConfigItem Name="HasOtherFilesExtentions" Type="Container">
            <Count>2</Count>
            <ConfigItem Name="Count" Type="Int">1</ConfigItem>
            <ConfigItem Name="1" Type="Container">
                <Count>3</Count>
                <ConfigItem Name="Target" Type="String">.frm</ConfigItem>
                <ConfigItem Name="Count" Type="Int">1</ConfigItem>
                <ConfigItem Name="1" Type="String">.frx</ConfigItem>
            </ConfigItem>
        </ConfigItem>
        <ConfigItem Name="LibraryHeader" Type="Container">
            <Count>2</Count>
            <ConfigItem Name="Start" Type="String">MY_LIBRARY_HEADER_START</ConfigItem>
            <ConfigItem Name="End" Type="String">MY_LIBRARY_HEADER_END</ConfigItem>
        </ConfigItem>
        <ConfigItem Name="LibraryFolders" Type="Container">
            <Count>1</Count>
            <ConfigItem Name="Count" Type="Int">0</ConfigItem>
        </ConfigItem>
    </ConfigSection>
    <ConfigSection Name="Editor" Count="2">
        <ConfigItem Name="Path" Type="String" />
        <ConfigItem Name="Arguments" Type="String" />
    </ConfigSection>
    <ConfigSection Name="DiffTool" Count="2">
        <ConfigItem Name="Path" Type="String" />
        <ConfigItem Name="Arguments" Type="String" />
    </ConfigSection>
    <ConfigSection Name="Script" Count="2">
        <ConfigItem Name="ExcelModuleExport" Type="String">ExcelModuleExport.vbs</ConfigItem>
        <ConfigItem Name="ExcelModuleImport" Type="String">ExcelModuleExport.vbs</ConfigItem>
    </ConfigSection>
    <ConfigSection Name="Window" Count="1">
        <ConfigItem Name="MainWindow" Type="Container">
            <Count>2</Count>
            <ConfigItem Name="Size" Type="Container">
                <Count>2</Count>
                <ConfigItem Name="Width" Type="Int">1291</ConfigItem>
                <ConfigItem Name="Height" Type="Int">808</ConfigItem>
            </ConfigItem>
            <ConfigItem Name="Location" Type="Container">
                <Count>2</Count>
                <ConfigItem Name="Left" Type="Int">50</ConfigItem>
                <ConfigItem Name="Top" Type="Int">50</ConfigItem>
            </ConfigItem>
        </ConfigItem>
    </ConfigSection>
</ConfigPackage>