﻿<?xml version="1.0" encoding="utf-8"?>
<ConfigPackage Count="5">
    <ConfigSection Name="Common" Count="4">
        <ConfigItem Name="TargetExtentions" Type="Container">
            <Count>4</Count>
            <ConfigItem Name="Count" Type="Int">3</ConfigItem>
            <ConfigItem Name="1" Type="String">.bas</ConfigItem>
            <ConfigItem Name="2" Type="String">.frm</ConfigItem>
            <ConfigItem Name="3" Type="String">.cls</ConfigItem>
        </ConfigItem>
        <ConfigItem Name="HasOtherFilesExtentions" Type="Container">
            <Count>2</Count>
            <ConfigItem Name="Count" Type="Int">1</ConfigItem>
            <ConfigItem Name="1" Type="Container">
                <Count>3</Count>
                <ConfigItem Name="Target" Type="String">.frm</ConfigItem>
                <ConfigItem Name="Count" Type="Int">1</ConfigItem>
                <ConfigItem Name="1" Type="String">.frx</ConfigItem>
            </ConfigItem>
        </ConfigItem>
        <ConfigItem Name="LibraryHeader" Type="Container">
            <Count>2</Count>
            <ConfigItem Name="Start" Type="String">MY_LIBRARY_HEADER_START</ConfigItem>
            <ConfigItem Name="End" Type="String">MY_LIBRARY_HEADER_END</ConfigItem>
        </ConfigItem>
        <ConfigItem Name="LibraryFolders" Type="Container">
            <Count>2</Count>
            <ConfigItem Name="Count" Type="Int">1</ConfigItem>
            <ConfigItem Name="1" Type="String">E:\02_Document\Document\Visual Studio 2017\Projects\LibraryExplorer\LibraryExplorer\bin\Debug\TestData\自作ライブラリ</ConfigItem>
        </ConfigItem>
    </ConfigSection>
    <ConfigSection Name="Editor" Count="2">
        <ConfigItem Name="Path" Type="String">E:\11_ProgramFile\TeraPad\TeraPad.exe</ConfigItem>
        <ConfigItem Name="Arguments" Type="String">/vb %filename%</ConfigItem>
    </ConfigSection>
    <ConfigSection Name="DiffTool" Count="2">
        <ConfigItem Name="Path" Type="String">E:\11_ProgramFile\WinMerge\WinMergeU.exe111111</ConfigItem>
        <ConfigItem Name="Arguments" Type="String">/ub %foldername1% %foldername2%</ConfigItem>
    </ConfigSection>
    <ConfigSection Name="Script" Count="2">
        <ConfigItem Name="ExcelModuleExport" Type="String">ExcelModuleExport.vbs</ConfigItem>
        <ConfigItem Name="ExcelModuleImport" Type="String">ExcelModuleExport.vbs</ConfigItem>
    </ConfigSection>
    <ConfigSection Name="Window" Count="1">
        <ConfigItem Name="MainWindow" Type="Container">
            <Count>2</Count>
            <ConfigItem Name="Size" Type="Container">
                <Count>2</Count>
                <ConfigItem Name="Width" Type="Int">1465</ConfigItem>
                <ConfigItem Name="Height" Type="Int">866</ConfigItem>
            </ConfigItem>
            <ConfigItem Name="Location" Type="Container">
                <Count>2</Count>
                <ConfigItem Name="Left" Type="Int">76</ConfigItem>
                <ConfigItem Name="Top" Type="Int">28</ConfigItem>
            </ConfigItem>
        </ConfigItem>
    </ConfigSection>
</ConfigPackage>